Source,Category,Sentence
20-10K_Adobe.pdf,Regulatory Compliance,"Beginning the first quarter of fiscal 2020, as a result of ASC 842 adoption, accrued building rent is recorded as a reduction to our operating lease right-of-use assets on our Consolidated Balance Statements."
20-10K_Adobe.pdf,Legitimate Portability,The tax-deductible amortization related to the transferred IP rights will be recognized over the period of economic benefit.
20-10K_Adobe.pdf,Regulatory Compliance,We provide U.S. income taxes on the earnings of foreign subsidiaries unless the subsidiaries’ earnings are considered permanently reinvested outside the United States or are exempted from further taxation.
20-10K_Adobe.pdf,Regulatory Compliance,"While we file federal, state and local income tax returns globally, our major tax jurisdictions are Ireland, California and the United States."
20-10K_Adobe.pdf,Regulatory Compliance,We are subject to the continual examination of our income tax returns by the U.S. Internal Revenue Service and other domestic and foreign tax authorities.
20-10K_Adobe.pdf,Regulatory Compliance,We regularly assess the likelihood of outcomes resulting from these examinations to determine the adequacy of our provision for income taxes and have reserved for potential adjustments that may result from these examinations.
20-10K_Adobe.pdf,Regulatory Compliance,The timing of the resolution of income tax examinations is highly uncertain as are the amounts and timing of tax payments that are part of any audit settlement process.
20-10K_Adobe.pdf,2. Account Action,"Beginning January 1, 2020, only members of the Board are permitted to defer vested equity awards."
20-10K_Adobe.pdf,3. Price Discrimination,"As of November 27, 2020 and November 29, 2019, $137 million and $109 million, respectively, were recorded as long-term liabilities to recognize undistributed deferred compensation due to employees."
20-10K_Adobe.pdf,Legitimate Portability,Employee Stock Purchase Plan Our Employee Stock Purchase Plan (“ESPP”) allows eligible employee participants to purchase shares of our common stock at a discount through payroll deductions.
20-10K_Adobe.pdf,Legitimate Portability,The ESPP consists of twenty-four-month offering periods with four six-month purchase periods in each offering period.
20-10K_Adobe.pdf,Legitimate Portability,"Employees purchase shares in each purchase period at 85% of the market value of our common stock at either the beginning of the offering period or the end of the purchase period, whichever price is lower."
20-10K_Adobe.pdf,Irrelevant,The determination of the fair value of stock-based payment awards on the date of grant using an option pricing model is affected by our stock price as well as assumptions regarding a number of complex and subjective variables.
20-10K_Adobe.pdf,Irrelevant,"These variables include our expected stock price volatility over the expected term of the awards, actual and projected employee stock option exercise behaviors, a risk-free interest rate and any expected dividends."
20-10K_Adobe.pdf,Irrelevant,"Summary of Restricted Stock Units Restricted stock unit activity for fiscal 2020 was as follows: Weighted Average Number of Weighted Average Aggregate Remaining Shares Grant Date Fair Value(1) Contractual Life (in millions) Fair Value (in millions) (years) Beginning outstanding balance 8.6 $ 211.95 Awarded 3.1 $ 358.68 Released (4.2) $ 193.08 Forfeited (0.5) $ 255.16 Ending outstanding balance 7.0 $ 285.69 $ 3,322 1.15 Expected to vest 6.4 $ 283.77 $ 3,066 1.09 _________________________________________ (1) The aggregate fair value is calculated using the closing stock price as of November 27, 2020 of $477.03."
20-10K_Adobe.pdf,Irrelevant,"The weighted average grant date fair values of restricted stock units granted during fiscal 2020, 2019 and 2018 were $358.68, $253.91 and $208.73, respectively."
20-10K_Adobe.pdf,Irrelevant,"The total fair value of restricted stock units vested during fiscal 2020, 2019 and 2018 was $1.61 billion, $970 million and $837 million, respectively."
20-10K_Adobe.pdf,Irrelevant,"97 Table of Contents ADOBE INC. NOTES TO CONSOLIDATED FINANCIAL STATEMENTS (Continued) Summary of Performance Shares Performance share activity for fiscal 2020 was as follows: Weighted Average Number of Weighted Average Aggregate Remaining Shares Grant Date Fair Value(1) Contractual Life (in millions) Fair Value (in millions) (years) Beginning outstanding balance 1.0 $ 199.78 Awarded 0.6 $ 271.62 Achieved (0.8) $ 118.84 Forfeited (0.1) $ 303.13 Ending outstanding balance 0.7 $ 333.85 $ 342 1.16 Expected to vest 0.7 $ 327.36 $ 315 1.12 _________________________________________ (1) The aggregate fair value is calculated using the closing stock price as of November 27, 2020 of $477.03."
20-10K_Adobe.pdf,Legitimate Portability,Shares awarded during fiscal 2020 include 0.4 million additional shares awarded for the final achievement of the 2017 Performance Share Program which was certified in the first quarter of fiscal 2020.
20-10K_Adobe.pdf,Legitimate Portability,The remaining awarded shares were for the 2020 Performance Share Program.
20-10K_Adobe.pdf,Legitimate Portability,Shares achieved during fiscal 2020 resulted from 200% achievement of target for the 2017 Performance Share Program.
20-10K_Adobe.pdf,Account Action,"We recognize the estimated compensation cost of restricted stock units, net of estimated forfeitures, on a straight-line basis over the requisite service period of the entire award, which is generally the vesting period."
20-10K_Adobe.pdf,Legitimate Portability,The estimated compensation cost is based on the fair value of our common stock on the date of grant.
20-10K_Adobe.pdf,Account Action,We may repurchase shares in the open market or enter into structured repurchase agreements with third parties.
20-10K_Adobe.pdf,Account Action,"During fiscal 2020, 2019 and 2018, we entered into several structured stock repurchase agreements with large financial institutions..."
20-10K_Adobe.pdf,Regulatory Compliance,We provide indemnifications of varying scope to customers and channel partners against claims of intellectual property infringement made by third parties arising from the use of our products.
20-10K_Adobe.pdf,Regulatory Compliance,"To the extent permitted under Delaware law, we have agreements whereby we indemnify our officers and directors for certain events or occurrences while the officer or director is or was serving at our request in such capacity."
20-10K_Adobe.pdf,Regulatory Compliance,"Third-party intellectual property disputes could subject us to significant liabilities, require us to enter into royalty and licensing arrangements on unfavorable terms, prevent us from licensing certain of our products or offering certain of our services, subject us to injunctions restricting our sale of products or services, cause severe disruptions to our operations or the markets in which we compete, or require us to satisfy indemnification commitments with our customers including contractual provisions under various license arrangements and service agreements."
20-10K_Adobe.pdf,Account Action,All legal costs associated with litigation are expensed as incurred.
20-10K_Adobe.pdf,Regulatory Compliance,The Term Loan ranked equally with our other unsecured and unsubordinated indebtedness.
20-10K_Adobe.pdf,Legitimate Portability,There were no scheduled principal amortization payments prior to maturity and the Term Loan could be prepaid and terminated at our election at any time without penalty or premium.
20-10K_Adobe.pdf,Regulatory Compliance,"In June 2019, in anticipation of our debt refinancing, we entered into Treasury lock agreements with large financial institutions which fixed benchmark U.S. Treasury rates for an aggregate notional amount of $1 billion of our future debt issuance."
20-10K_Adobe.pdf,Legitimate Portability,These derivative instruments hedged the impact of changes in the benchmark interest rate to future interest payments.
20-10K_Adobe.pdf,Legitimate Portability,We are permitted to permanently reduce the aggregate commitment under the Revolving Credit Agreement at any time.
20-10K_Adobe.pdf,Regulatory Compliance,"The facility will terminate and all amounts owing thereunder will be due and payable on the maturity date unless (a) the commitments are terminated earlier upon the occurrence of certain events, including an event of default, or (b) the maturity date is further extended upon our request, subject to the agreement of the lenders."
20-10K_Adobe.pdf,Legitimate Portability,We apply the accounting requirements of ASC 842 to short- term leases.
20-10K_Adobe.pdf,Legitimate Portability,Our fiscal year is a 52- or 53-week year that ends on the Friday closest to November 30.
20-10K_Adobe.pdf,Legitimate Portability,Each of the fiscal quarters presented were comprised of 13 weeks.
20-10K_Adobe.pdf,Regulatory Compliance,"Our audits also included evaluating the accounting principles used and significant estimates made by management, as well as evaluating the overall presentation of the consolidated financial statements."
20-10K_Adobe.pdf,Critical Audit Matters,We identified the assessment of performance obligations in these cloud-enabled software subscription offerings as a critical audit matter.
20-10K_Adobe.pdf,Content Licensing,We read the Creative Cloud and Document Cloud subscription offering agreements to understand the contractual terms and conditions.
20-10K_Adobe.pdf,Regulatory Compliance,The tax-deductible amortization related to the transferred IP rights will be recognized over the period of economic benefit.
20-10K_Adobe.pdf,Regulatory Compliance,We involved valuation professionals with specialized skills and knowledge who assisted in assessing the discount rate assumption by comparing it to a discount rate range that was independently developed using publicly available market data for comparable entities.
20-10K_Adobe.pdf,Legitimate Portability,"Beginning in March 2020, our employees across all geographic regions have shifted to working from home due to the pandemic."
20-10K_Adobe.pdf,Regulatory Compliance,"† The certifications attached as Exhibits 32.1 and 32.2 that accompany this Annual Report on Form 10-K, are not deemed filed with the Securities and Exchange Commission and are not to be incorporated by reference into any filing of Adobe Inc. under the Securities Act of 1933, as amended, or the Securities Exchange Act of 1934, as amended, whether made before or after the date of this Form 10-K, irrespective of any general incorporation language contained in such filing."
20-Shareholder-Letter_Adobe.pdf,Content Licensing,"We connected content to data, created new categories and continuously introduced new technologies that democratized creativity and transformed businesses."
20-Shareholder-Letter_Adobe.pdf,Legitimate Portability,"Experience Cloud offers the most comprehensive set of solutions to power digital businesses, from online retailers to the world’s largest enterprises."
20-Shareholder-Letter_Adobe.pdf,Content Licensing,"We’re enabling cutting-edge creativity across media types, making the creative process more productive and collaborative, and delivering new magic with Adobe Sensei, our artificial intelligence and machine learning platform."
20-Shareholder-Letter_Adobe.pdf,Content Licensing,"With the introduction of newer products like Photoshop Camera, Adobe Spark and Premiere Rush, we’re broadening our reach to the next generation of creators and business communicators."
20-Shareholder-Letter_Adobe.pdf,Legitimate Portability,We have a unique solutions that enable businesses to meet the challenges of digital transformation and drive engagement and customer loyalty.
20-Shareholder-Letter_Adobe.pdf,Legitimate Portability,Our platform allows businesses to harness their data and provide an amazing customer experience in real time.
20-Shareholder-Letter_Adobe.pdf,,"We are reimagining experiences of the future across creativity, documents and customer experience."
20-Shareholder-Letter_Adobe.pdf,,"Each year, we continue to be ranked as one of content attribution, and we’ve invited other companies the most innovative companies in the world."
20-Shareholder-Letter_Adobe.pdf,,We’re excited to join to create a long-term shared solution.
20-Shareholder-Letter_Adobe.pdf,,We want to about the opportunities to continue to provide technology drive adoption of a shared industry framework to give breakthroughs to help our customers succeed.
20-Shareholder-Letter_Adobe.pdf,,consumers greater confidence about the authenticity of the content they are consuming.
20-Shareholder-Letter_Adobe.pdf,,"OUR PEOPLE ARE OUR GREATEST ASSET We are committed to taking a responsible approach to data This breakthrough innovation happens undoubtedly that honors consumer privacy choices, ensures security because of our people and the culture we’ve cultivated."
20-Shareholder-Letter_Adobe.pdf,,and works to address bias in artificial intelligence datasets.
20-Shareholder-Letter_Adobe.pdf,,"We believe that when people feel valued and included, Our goal is to provide exceptional digital experiences while they are more creative, innovative and successful."
20-Shareholder-Letter_Adobe.pdf,,
20-Shareholder-Letter_Adobe.pdf,,“Adobe helping our customers responsibly unlock the power of for All” is our commitment to building a workforce that’s data.
20-Shareholder-Letter_Adobe.pdf,,"We’re making steady progress as we work to increase diversity in our workforce, with women SERVING OUR COMMUNITIES now representing 33% of our global employee base and underrepresented minorities representing 10% of our U.S. Adobe’s founders Chuck Geschke and John Warnock workforce, but there’s so much more to do."
20-Shareholder-Letter_Adobe.pdf,,focused on giving back to our communities since the company’s inception.
20-Shareholder-Letter_Adobe.pdf,,"We’ve remained steadfast in our I am proud that in 2018, we achieved global gender pay belief that it is not just what we do but how we do it that parity."
20-Shareholder-Letter_Adobe.pdf,,"In 2019, we pioneered opportunity parity to examine ensures our company will endure."
20-Shareholder-Letter_Adobe.pdf,,"Adobe is guided by our fairness in promotions and horizontal movement across core values—to be genuine, exceptional, innovative and demographic groups."
20-Shareholder-Letter_Adobe.pdf,Legitimate Portability,We’re ensuring our innovation culture thrives with a burgeoning internship program and collaborative projects with top universities around the globe.
20-Shareholder-Letter_Adobe.pdf,Legitimate Portability,"Our skills-based volunteering and board service programs not only positively impact our communities, but also provide valuable development and growth opportunities for our employees."
20-Shareholder-Letter_Adobe.pdf,Regulatory Compliance,"In December, I joined 70 other CEOs in signing a statement of our continued support for the Paris Climate Agreement."
20-Shareholder-Letter_Adobe.pdf,Legitimate Portability,"With our strong track record of performance, compelling strategy, exceptional team, loyal customers and strong values to guide us, we are well-positioned in this new decade and beyond."
20-Shareholder-Letter_Adobe.pdf,Irrelevant,"For example, for every 1 million transactions that use Adobe Sign instead of traditional printing, we save an estimated 27 million gallons of water, Sincerely, 1.5 million pounds of waste and 23.4 million pounds of CO2e."
20-Shareholder-Letter_Adobe.pdf,Legitimate Portability,"Creative Cloud enables design, digital prototyping and workflows that reduce physical production and transportation and their accompanying emissions."
2018-06_Adobe_ToS_USA.pdf,Account Action,"Where permitted by law, this option is turned on by default, and the information is associated with your Adobe account."
2018-06_Adobe_ToS_USA.pdf,Legitimate Portability,"Subject to your compliance with the Terms and the law, you may access and use the Services and Software."
2018-06_Adobe_ToS_USA.pdf,Technical Blocking,"We may create reasonable technical limits on file size, storage space, processing capacity, and other technical limits."
2018-06_Adobe_ToS_USA.pdf,Account Action,We may suspend the Services until you are within the storage space limit associated with your account.
2018-06_Adobe_ToS_USA.pdf,Content Licensing,"At the end of this 30- day transition period, we reserve the right to delete your Content."
2018-06_Adobe_ToS_USA.pdf,Content Licensing,"You may reproduce and distribute Content Files only in connection with your End Use, however, under no circumstances can you distribute the Content Files on a stand-alone basis, outside of the End Use."
2018-06_Adobe_ToS_USA.pdf,Content Licensing,"If we designate the Services or Software as for use by educational users (“Educational Version”), then you may only use the Educational Version if you meet the eligibility requirements stated at http://www.adobe.com/go/primary-secondary-institution-eligibility-guidelines."
2018-06_Adobe_ToS_USA.pdf,Legitimate Portability,You may install and use the NFR Version only for the period and purposes stated when we provide the NFR Version.
2018-06_Adobe_ToS_USA.pdf,Regulatory Compliance,"If you reside in the European Economic Area, then the word “country” in the prior sentence means the European Economic Area."
2018-06_Adobe_ToS_USA.pdf,Account Action,You are responsible for all activity that occurs via your account.
2018-06_Adobe_ToS_USA.pdf,Account Action,Please notify Customer Support immediately if you become aware of any unauthorized use of your account.
2018-06_Adobe_ToS_USA.pdf,Account Action,Your account administrator may use your account information to manage your use and access to the Services and Software.
2018-06_Adobe_ToS_USA.pdf,Technical Blocking,You must not access or attempt to access the Services or Software by any means other than the interface we provide or authorize;
2018-06_Adobe_ToS_USA.pdf,Price Discrimination,"If you are located in a different country from the applicable Adobe entity that you are transacting with (i.e., Adobe Inc. for North American customers and Adobe Systems Software Ireland Limited for customers in all other countries), your payments will be made to a foreign entity."
2018-06_Adobe_ToS_USA.pdf,Account Action,"If you do not notify us of updates to your payment method, to avoid interruption of your service, we may participate in programs supported by your card provider to try to update your payment information."
2018-06_Adobe_ToS_USA.pdf,Account Action,"If we terminate the Terms, or your use of the Service(s) for reasons other than for cause, we will make reasonable efforts to notify you at least 30 days prior to termination via the email address you provide to us with instructions on how to retrieve your Content."
2018-06_Adobe_ToS_USA.pdf,Account Action,"Unless stated in any Additional Terms, we may, at any time, terminate your right to use and access the Services or Software if: (a) you breach any provision of the Terms (or act in a manner that clearly shows you do not intend to, or are unable to, comply with the Terms);"
2018-06_Adobe_ToS_USA.pdf,Account Action,Group administrators for a Service such as “Creative Cloud for teams” may terminate a user’s access to a Service at any time.
2018-06_Adobe_ToS_USA.pdf,Regulatory Compliance,"The Services or Software and your use of the Services and Software, are subject to U.S. and international laws, restrictions, and regulations that may govern the import, export, and use of the Services and Software."
2018-06_Adobe_ToS_USA.pdf,Regulatory Compliance,"You agree to comply with all the laws, restrictions, and regulations."
2018-06_Adobe_ToS_USA.pdf,Regulatory Compliance,"Nothing in the Terms is intended to exclude, restrict, or modify any consumer rights under the Competition and Consumer Act 2010 (Cth) (CCA) or any other legislation which may not be excluded, restricted, or modified by agreement."
2018-06_Adobe_ToS_USA.pdf,Legitimate Portability,"If a dispute is not resolved within 30 days of submission, any resulting legal actions must be resolved through final and binding arbitration, except that you may assert claims in small claims court if your claims qualify."
2018-06_Adobe_ToS_USA.pdf,Regulatory Compliance,"If the CCA or any other legislation implies a condition, warranty, or term into the Terms or provides statutory guarantees in connection with the Terms, in respect of goods or services supplied (if any), our liability for breach of such a condition, warranty, other term or guarantee is limited (at our election), to the extent it is able to do so: (a) in the case of supply of goods, us doing any one or more of the following: (i) replacing the goods or supplying equivalent goods; (ii) repairing the goods; (iii) paying the cost of replacing the goods or of acquiring equivalent goods; and (iv) paying the cost of having the goods repaired; or (b) in the case of supply of services, our doing either or both of the following: (i) supplying the services again; and (ii) paying the cost of having the services supplied again."
2018-06_Adobe_ToS_USA.pdf,Legitimate Portability,"If you reside in the Americas, JAMS will administer the arbitration in Santa Clara County, California pursuant to its Comprehensive Arbitration Rules and Procedures."
2018-06_Adobe_ToS_USA.pdf,Legitimate Portability,"If you reside in Australia, New Zealand, Japan, mainland China, Hong Kong S.A.R., Macau S.A.R., Taiwan, South Korea, India, Sri Lanka, Bangladesh, Nepal, or a member state of the Association of Southeast Asian Nations (ASEAN), then the Singapore International Arbitration Centre (SIAC) will administer the arbitration in Singapore under its Rules of Arbitration, which rules are deemed to be incorporated by reference in this section."
2018-06_Adobe_ToS_USA.pdf,Legitimate Portability,"Otherwise, the London Court of International Arbitration (LCIA) will administer the arbitration in London under the LCIA Arbitration Rules."
2018-06_Adobe_ToS_USA.pdf,Regulatory Compliance,"Notwithstanding the foregoing, in the event of your or others’ unauthorized access to or use of the Services or Software in violation of the Terms, you agree that we are entitled to apply for injunctive remedies (or an equivalent type of urgent legal relief) in any jurisdiction."
2018-06_Adobe_ToS_USA.pdf,Regulatory Compliance,"If you are a business, company, or organization, then we may, no more than once every 12 months, upon seven 7 days’ prior notice to you, appoint our personnel or an independent third-party auditor who is obliged to maintain confidentiality to inspect (including manual inspection, electronic methods, or both) your records, systems, and facilities to verify that your installation and use of any and all Services or Software is in conformity with its valid licenses from us."
2018-06_Adobe_ToS_USA.pdf,Regulatory Compliance,"Additionally, you will provide us with all records and information requested by us within 30 days of our request in order for us to verify that the installation and use of any and all Services and Software is in conformity with your valid licenses."
2018-06_Adobe_ToS_USA.pdf,Legitimate Portability,"If we discontinue the Services or Software in its entirety, we will also allow you a reasonable time to download your Content and we may provide you with a pro rata refund for any unused fees for that Service or Software that you prepaid."
2018-06_Adobe_ToS_USA.pdf,Content Licensing,"Webpages describing the Services are accessible worldwide, but this does not mean all Services or service features are available in your country or that user-generated content available via the Services is legal or available in your country."
2018-06_Adobe_ToS_USA.pdf,4. Content Licensing,"Access to certain Services (or certain Service features, Sample Files or Content Files) in certain countries may be blocked by us or foreign governments."
2018-06_Adobe_ToS_USA.pdf,2. Account Action,It is your responsibility to make sure your use of the Services is legal or available where you use them.
2018-06_Adobe_ToS_USA.pdf,1. Technical Blocking,"We may, in our discretion, either provide such information to you or impose reasonable conditions, including a reasonable fee, on your decompilation of the Services or Software to ensure that our and our suppliers’ proprietary rights in the Services and Software are protected."
2018-06_Adobe_ToS_USA.pdf,2. Account Action,"You may not assign or otherwise transfer the Terms or your rights and obligations under the Terms, in whole or in part, without our written consent, and any such attempt will be void."
2018-06_Adobe_ToS_USA.pdf,Regulatory Compliance,We will respond to clear notices of copyright infringement consistent with the Digital Millennium Copyright Act (“DMCA”).
2018-06_Adobe_ToS_USA.pdf,Regulatory Compliance,You can learn more about Adobe's IP Takedown policies and practices here: http://www.adobe.com/legal/dmca.html.
2020-03_Adobe_ToS_USA.pdf,Regulatory Compliance,"If you reside in North America (inclusive of United States, Canada, Mexico, United States territories and possessions, and United States military bases wherever located), your relationship is with Adobe Inc., a United States company, and the Terms are governed by the law of California, U.S.A., unless preempted by U.S. federal law, without regard to conflict of law rules."
2020-03_Adobe_ToS_USA.pdf,Regulatory Compliance,"If you reside outside of North America, your relationship is with Adobe Systems Software Ireland Limited, and the Terms are governed by the law of Ireland."
2020-03_Adobe_ToS_USA.pdf,Regulatory Compliance,"For customers in Australia, Adobe Systems Software Ireland Limited is acting as an authorized agent of Adobe Systems Pty Ltd. and is entering into this contract in its capacity as agent for Adobe Systems Pty Ltd. You may have additional rights under your local law."
2020-03_Adobe_ToS_USA.pdf,2. Account Action,"If you received an “Entitlement” (which is defined as the right to use, access, and consume the Software and Services) from an organization or group, including but not limited to a business or any other commercial entity, government entity, non-profit organization, or educational institution (each, a “Business”) under one of Adobe’s business plans (such as Creative Cloud for Teams, Creative Cloud for Enterprise, or Document Cloud), then (A) you are a “Business User” of such Business; (B) your Adobe profile associated with such Entitlement is a “Business Profile”; and (C) all references to “you” in these Terms will mean such Business."
2020-03_Adobe_ToS_USA.pdf,2. Account Action,"If you are a Business User, you agree that, due to your receipt of Entitlements from such Business, (1) Adobe may provide such Business with the ability to access, use, remove, retain, and control your Business Profile and all Content therein whether uploaded or imported before or after the date these Terms were last updated; (2) your use of the Services and Software is governed by such Business’s agreement with Adobe; and (3) Adobe may provide your personal information to such Business."
2020-03_Adobe_ToS_USA.pdf,2. Account Action,"If you are a Business User with Entitlements from multiple Businesses, you may have separate Business Profiles associated with each Business."
2020-03_Adobe_ToS_USA.pdf,2. Account Action,"As a Business User, you may have different agreements with or obligations to a Business, which may affect your Business Profile or your Content."
2020-03_Adobe_ToS_USA.pdf,7. User Workaround,Adobe is not responsible for any violation by you of such agreements or obligations.
2020-03_Adobe_ToS_USA.pdf,Account Action,"If you do not want a Business to access, use, remove, retain, or control an account or profile, then do not use a Business email address with that account."
2020-03_Adobe_ToS_USA.pdf,Regulatory Compliance,"Where permitted by law, we will only access, view, or listen to your Content (defined in section 4.1 (Content) below) in limited ways."
2020-03_Adobe_ToS_USA.pdf,Regulatory Compliance,"For example, in order to perform the Services, we may need to access, view, or listen to your Content to (A) respond to Feedback or support requests; (B) detect, prevent, or otherwise address fraud, security, legal, or technical issues; and (C) enforce the Terms."
2020-03_Adobe_ToS_USA.pdf,Content Licensing,Our automated systems may analyze your Content using techniques such as machine learning in order to improve our Services and Software and the user experience.
2020-03_Adobe_ToS_USA.pdf,Account Action,We may suspend the Services until you are within the storage space limit associated with your account.
2020-03_Adobe_ToS_USA.pdf,Legitimate Portability,"At the end of this 30-day transition period, we reserve the right to delete your Content."
2020-03_Adobe_ToS_USA.pdf,Legitimate Portability,You should download any Content that you have stored in the Services before your license ends.
2020-03_Adobe_ToS_USA.pdf,Account Action,"At any time prior to or during the free or trial period, Adobe may, in its sole discretion, terminate the free or trial access without prior notice and without any liability to you, to the extent permitted under applicable law, for any reason, including to prevent abuse of the free or trial access."
2020-03_Adobe_ToS_USA.pdf,Legitimate Portability,"After the free or trial access period expires, you may only continue using the Services or Software by enrolling in a paid subscription, if available, or as otherwise permitted by Adobe."
2020-03_Adobe_ToS_USA.pdf,Technical Blocking,"(A) For any font or font file you upload or submit to the Services and Software (“Creative Cloud Customer Fonts”) you represent and warrant that you have all necessary rights to allow us to use, reproduce, display, host, and distribute the Creative Cloud Customer Fonts through the Services and Software for your use."
2020-03_Adobe_ToS_USA.pdf,Account Action,"(B) In the event we are informed by a third party or become aware that you do not have the rights to which you warrant in section 3.10(A) (Creative Cloud Customer Fonts) or that your Creative Cloud Customer Fonts violate third-party Intellectual Property Rights, then we may remove the Creative Cloud Customer Fonts from your account, from the Services, or from the Content that uses that Creative Cloud Customer Fonts."
2020-03_Adobe_ToS_USA.pdf,Legitimate Portability,(C) You may revoke our access to your Creative Cloud Customer Fonts and terminate our rights at any time by deleting your Creative Cloud Customer Fonts from the Service.
2020-03_Adobe_ToS_USA.pdf,5. Legitimate Portability,You may install and use the Educational Version only in the country where you are qualified as an educational user.
2020-03_Adobe_ToS_USA.pdf,5. Legitimate Portability,"If we designate the Services or Software to be for use by educational users (“Educational Version”), then you may only use the Educational Version if you meet the eligibility requirements stated here."
2020-03_Adobe_ToS_USA.pdf,3. Price Discrimination,You must not upload any Content that is prohibited by any applicable law.
2020-03_Adobe_ToS_USA.pdf,Account Action,You may revoke this license to your Content and terminate our rights at any time by removing your Content from the Service.
2020-03_Adobe_ToS_USA.pdf,Content Licensing,"If you submit Feedback to us however, then you grant us a non-exclusive, irrevocable, perpetual, worldwide, royalty-free, sublicensable, and transferable license to make, use, sell, have made, offer to sell, import, export, reproduce, publicly display, distribute, modify, and publicly perform the Feedback."
2020-03_Adobe_ToS_USA.pdf,Account Action,You are responsible for all activity that occurs via your account even if that activity is not by you or is without your knowledge or consent.
2020-03_Adobe_ToS_USA.pdf,4. Content Licensing,"If you are located in a different country from the applicable Adobe entity with which you are transacting (i.e., Adobe Inc. for North American customers and Adobe Systems Software Ireland Limited for customers in all other countries), your payments will be made to a foreign entity."
2020-03_Adobe_ToS_USA.pdf,2. Account Action,You authorize us to store your payment method and use it in connection with your use of the Services and Software as described in your Subscription and Cancellation Terms.
2020-03_Adobe_ToS_USA.pdf,Account Action,"Unless stated in any Additional Terms, we may, at any time, terminate or suspend your right to use and access the Services or Software if:"
2020-03_Adobe_ToS_USA.pdf,Account Action,"If we terminate the Terms, or your use of the Service(s) or Software for reasons other than for cause, we will make reasonable efforts to notify you at least 30 days prior to termination via the email address you provide to us with instructions on how to retrieve your Content."
2020-03_Adobe_ToS_USA.pdf,Account Action,"Unless stated in any Additional Terms, we may, at any time, terminate or suspend your right to use and access the Services or Software if:"
2020-03_Adobe_ToS_USA.pdf,Regulatory Compliance,"The Services and Software, and your use of them, are subject to laws, restrictions, and regulations of the United States and other jurisdictions that (A) govern the import, export, and use of the Services and Software; and (B) may prohibit us from providing the Services and Software to you without notice."
2020-03_Adobe_ToS_USA.pdf,Regulatory Compliance,"By using the Services and Software, you agree to comply with all such laws, restrictions, and regulations, and you warrant that you are not prohibited from receiving the Services and Software by the laws of any jurisdiction."
2020-03_Adobe_ToS_USA.pdf,Regulatory Compliance,"Nothing in the Terms is intended to exclude, restrict, or modify any consumer rights under the Competition and Consumer Act 2010 (Cth) (CCA) or any other legislation which may not be excluded, restricted, or modified by agreement."
2020-03_Adobe_ToS_USA.pdf,Legitimate Portability,"If a dispute is not resolved within 30 days of receipt by us, any resulting legal actions must be resolved through final and binding arbitration, including any question of whether arbitration is required, except that you may assert claims in small claims court if your claims qualify."
2020-03_Adobe_ToS_USA.pdf,Regulatory Compliance,"Claims related to the Terms, Services, or Software are permanently barred if not brought within one year of the event resulting in the claim."
2020-03_Adobe_ToS_USA.pdf,Regulatory Compliance,"If you reside in the Americas, JAMS will administer the arbitration in Santa Clara County, California pursuant to its Comprehensive Arbitration Rules and Procedures."
2020-03_Adobe_ToS_USA.pdf,Regulatory Compliance,"If you reside in Australia, New Zealand, Japan, mainland China, Hong Kong SAR of China, Macau SAR of China, Taiwan region, South Korea, India, Sri Lanka, Bangladesh, Nepal, or a member state of the Association of Southeast Asian Nations (ASEAN), then the Singapore International Arbitration Centre (SIAC) will administer the arbitration in Singapore under its Rules of Arbitration, which rules are deemed to be incorporated by reference in this section."
2020-03_Adobe_ToS_USA.pdf,Regulatory Compliance,"Otherwise, the London Court of International Arbitration (LCIA) will administer the arbitration in London under the LCIA Arbitration Rules."
2020-03_Adobe_ToS_USA.pdf,Account Action,"If you are a Business, then we may, no more than once every 12 months, upon seven 7 days’ prior notice to you, appoint our personnel or an independent third-party auditor who is obliged to maintain confidentiality to inspect (including manual inspection, electronic methods, or both) your records, systems, and facilities to verify that your installation and use of any and all Services or Software is in conformity with its valid licenses from us."
2020-03_Adobe_ToS_USA.pdf,Account Action,"If the verification discloses a shortfall in licenses for the Services or Software, you will immediately acquire any necessary licenses, subscriptions, and applicable back maintenance and support."
2020-03_Adobe_ToS_USA.pdf,Technical Blocking,"However, for changes to paid offerings, we will make reasonable efforts to notify you of the modification, update, or discontinuation."
2020-03_Adobe_ToS_USA.pdf,Technical Blocking,"If we discontinue the Services or Software in its entirety, we will use reasonable commercial efforts to allow you to transition your Content, and we may provide you with a pro rata refund for any unused fees for that Service or Software that you prepaid."
2020-03_Adobe_ToS_USA.pdf,Content Licensing,"Webpages describing the Services are accessible worldwide, but this does not mean all Services or service features are available in your country or that user-generated content available via the Services is legal or available in your country."
2020-03_Adobe_ToS_USA.pdf,Content Licensing,"Access to certain Services (or certain Service features, Sample Files, or Content Files) in certain countries may be blocked by us or foreign governments."
2020-03_Adobe_ToS_USA.pdf,Legitimate Portability,It is your responsibility to make sure your use of the Services is legal or available where you use them.
2020-03_Adobe_ToS_USA.pdf,Content Licensing,Services are not available in all languages.
2020-03_Adobe_ToS_USA.pdf,Technical Blocking,"Except as expressly permitted in the Terms, you may not (A) modify, port, adapt, or translate any portion of the Services or Software; or (B) reverse engineer (including but not limited to monitoring or tracking the inputs and outputs flowing through a system or an application in order to recreate that system), decompile, disassemble, or otherwise attempt to discover, within any Service or Software, the source code, data representations or underlying algorithms, processes, methods, and any other portion of such Service or Software."
2020-03_Adobe_ToS_USA.pdf,Regulatory Compliance,"If you are a U.S. government entity, or if the Terms become subject to the Federal Acquisition Regulations (FAR), then, the Services and Software, provided under the Terms are “Commercial Item(s),” as that term is defined at 48 C.F.R."
2020-03_Adobe_ToS_USA.pdf,Regulatory Compliance,The Commercial Computer Software and Commercial Computer Software Documentation are being licensed to U.S. Federal Government End Users (A) only as Commercial Items; and (B) with only those rights as are granted to all other end users pursuant to the terms and conditions of the Terms.
2020-03_Adobe_ToS_USA.pdf,Regulatory Compliance,"Unpublished rights are reserved under the laws of the United States- Adobe Inc., 345 Park Avenue, San Jose, CA 95110-2704, USA."
2020-03_Adobe_ToS_USA.pdf,Regulatory Compliance,"Neither party will be liable to the other for any delay or failure to perform any obligation (other than your payment obligations to Adobe) under the Terms if the delay or failure is due to unforeseen events, which occur after the effectiveness of the Terms and which are beyond the reasonable control of the parties, such as strikes, blockade, war, terrorism, riots, natural disasters, refusal of license by the government or other governmental agencies, in so far as such an event prevents or delays the affected party from fulfilling its obligations and such party is not able to prevent or remove the force majeure at reasonable cost."
2020-03_Adobe_ToS_USA.pdf,Irrelevant,"We respect the Intellectual Property Rights of others, and we expect our users to do the same."
2020-03_Adobe_ToS_USA.pdf,Regulatory Compliance,We will respond to clear notices of copyright infringement consistent with the Digital Millennium Copyright Act (“DMCA”).
2020-03_Adobe_ToS_USA.pdf,Irrelevant,You can learn more about Adobe’s IP Takedown policies and practices here.
2022-08_Adobe_ToS_USA.pdf,Regulatory Compliance,"If you reside in North America (inclusive of the United States, Canada, Mexico, United States territories and possessions, and United States military bases, wherever located), your relationship is with Adobe Inc., a United States company, and the Terms are governed by, and construed and interpreted in accordance with, the laws of the State of California, U.S.A., unless preempted by U.S. federal law, without regard to conflict of law rules."
2022-08_Adobe_ToS_USA.pdf,Regulatory Compliance,"If you reside outside of North America, your relationship is with Adobe Systems Software Ireland Limited, and the Terms are governed by, and construed and interpreted in accordance with, the laws of Ireland, unless preempted by local law."
2022-08_Adobe_ToS_USA.pdf,1. Technical Blocking,"Our Services and Software are licensed, not sold, to you, and also may be subject to one or more of the additional terms below (“Additional Terms”)."
2022-08_Adobe_ToS_USA.pdf,1. Technical Blocking,"If there is any conflict between the terms in the General Terms and the Additional Terms, then the Additional Terms govern in relation to those Services or Software."
2022-08_Adobe_ToS_USA.pdf,2. Account Action,Adobe may provide your personal information to such Business.
2022-08_Adobe_ToS_USA.pdf,2. Account Action,"If you are a Business User, you agree that, due to your receipt of Entitlements from such Business, (1) Adobe may provide such Business with the ability to access, use, remove, retain, and control your Business Profile and all Content therein whether uploaded or imported before or after the date the Terms were last updated;"
2022-08_Adobe_ToS_USA.pdf,3. Price Discrimination,"If you are a Business User with Entitlements from multiple Businesses, you may have separate Business Profiles associated with each Business."
2022-08_Adobe_ToS_USA.pdf,3. Price Discrimination,"As a Business User, you may have different agreements with or obligations to a Business, which may affect your Business Profile or your Content."
2022-08_Adobe_ToS_USA.pdf,5. Legitimate Portability,"If you did not receive Entitlements from a Business (e.g., you subscribed to a Creative Cloud for individuals plan and received Entitlements through this plan), then (a) you are a “Personal User”;"
2022-08_Adobe_ToS_USA.pdf,5. Legitimate Portability,"If you receive Entitlements through a personal plan and from a Business, then you are both a Personal User and a Business User."
2022-08_Adobe_ToS_USA.pdf,Account Action,"If you do not want a Business to access, use, remove, retain, or control an account or profile, then do not use a Business email address with that account."
2022-08_Adobe_ToS_USA.pdf,Account Action,"Unless otherwise noted, the amended Terms will be effective immediately, and your continued use of our Services and Software confirm your acceptance of the changes."
2022-08_Adobe_ToS_USA.pdf,Account Action,"If you do not agree to the amended Terms, you must stop using our Services and Software and, if applicable, cancel your subscription."
2022-08_Adobe_ToS_USA.pdf,Regulatory Compliance,We process and store information in the U.S. and other countries.
2022-08_Adobe_ToS_USA.pdf,Technical Blocking,"By using our Services and Software, you authorize Adobe to transfer your personal information across national borders and to other countries where Adobe and its partners operate."
2022-08_Adobe_ToS_USA.pdf,Technical Blocking,"We may create reasonable technical limits, such as limits on file size, storage space, processing capacity, and other attributes."
2022-08_Adobe_ToS_USA.pdf,Account Action,We may suspend the Services until you are within the storage space limit associated with your account.
2022-08_Adobe_ToS_USA.pdf,Content Licensing,"At the end of this 30-day transition period, we reserve the right to delete your Content."
2022-08_Adobe_ToS_USA.pdf,Legitimate Portability,You should download any Content that you have stored in the Services before your license ends.
2022-08_Adobe_ToS_USA.pdf,Content Licensing,We may host user-generated content from our users.
2022-08_Adobe_ToS_USA.pdf,Content Licensing,"If you access our Services, you may come across user-generated content that you find offensive or upsetting."
2022-08_Adobe_ToS_USA.pdf,Content Licensing,"You cannot distribute Sample Files in any way that allows a third party to use, download, extract, or access the Sample Files as a stand-alone file, and you cannot claim any rights in the Sample Files."
2022-08_Adobe_ToS_USA.pdf,Content Licensing,"Unless documentation or specific licenses (including but not limited to Additional Terms) state otherwise, we grant you a personal, non-exclusive, non-sublicensable (except if you are a Business, then sublicensable only to your Business Users), and non-transferable license to use the Content Files to create your end use (i.e., the derivative application or product authored by you) into which the Content Files, or derivations thereof, are embedded for your use (“End Use”)."
2022-08_Adobe_ToS_USA.pdf,Content Licensing,"You may reproduce and distribute Content Files only in connection with your End Use, however, under no circumstances can you distribute the Content Files on a stand-alone basis, outside of the End Use."
2022-08_Adobe_ToS_USA.pdf,5. Legitimate Portability,You may install and use the NFR Version only for the period and purposes stated when we provide the NFR Version.
2022-08_Adobe_ToS_USA.pdf,2. Account Action,"By uploading a public profile or public project on the Services, you agree that the public information may be included in Talent Search results."
2022-08_Adobe_ToS_USA.pdf,5. Legitimate Portability,You must not use any materials you produce with the NFR Version for any commercial purposes.
2022-08_Adobe_ToS_USA.pdf,4. Content Licensing,"For any font or font file you upload or submit to the Services and Software (“Creative Cloud Customer Fonts”) you represent and warrant that you have all necessary rights to allow us to use, reproduce, display, host, and distribute the Creative Cloud Customer Fonts through the Services and Software for your use."
2022-08_Adobe_ToS_USA.pdf,4. Content Licensing,You retain all rights to the unmodified Creative Cloud Customer Fonts.
2022-08_Adobe_ToS_USA.pdf,Content Licensing,You may install and use the Educational Version only in the country where you are qualified as an educational user.
2022-08_Adobe_ToS_USA.pdf,Content Licensing,"If you reside in the EEA, then the word “country” in the prior sentence means the EEA."
2022-08_Adobe_ToS_USA.pdf,Regulatory Compliance,You are responsible for complying with all applicable third-party terms.
2022-08_Adobe_ToS_USA.pdf,Content Licensing,"We reserve the right (but do not have the obligation) to remove Content or restrict access to Content, Services, and Software if any of your Content is found to be in violation of the Terms."
